Name	Category	Id
DailyCallerVideo	Alt-lite	UCfDdlNLRVb1h3_7Xh-WhL3w
Liberty Machine News	Alt-lite	UCso6oQ3qy7z61Fr8b0WNBMw
AIU-Resurrection	Alt-lite	UCplXdu0g94UynzYCmO2zOjw
Tree Of Logic	Alt-lite	UCl3RCEtooHD5bhPCHJw3btA
DailyKenn	Alt-lite	UCbukZErY9SjdGTHabMzY7qg
AltRight Truth	Alt-lite	UC7tlcXIInkPG5aCkWB9lZOQ
Luke Ford Livestreams	Alt-lite	UCSFVD7Xfhn7sJY8LAIQmH8Q
TheSchillingShow	Alt-lite	UCtLAZi2CZmDgwgQ51XpqcDQ
ramzpaul	Alt-lite	UCIibK0GTXCaQCAamJAepm1g
Actual Justice Warrior	Alt-lite	UCzzLIhDbFYU46T4VFBz_m_g
patcondell	Alt-lite	UCWOkEnBl5TO4SCLfSlosjgg
The Hateful Gaels	Alt-lite	UCDhuG96y6kUT7tcFgHGj1Ug
TokenLibertarianGirl	Alt-lite	UCzIjg5vIfBGcdyLWu6lhXxw
Stefan Molyneux	Alt-lite	UCC3L8QaxqEGUiBC252GHy3w
Western Man	Alt-lite	UC88rnCuWgaW5KX1zIKr3SUQ
TheIncredibleSaltMine	Alt-lite	UCx_SEanFxmYdkylVM1v3RDg
MarkDice	Alt-lite	UCzUV5283-l5c0oKRtyenj6Q
Vincent James of The Red Elephants	Alt-lite	UCDuIxfEt_VoI1yfARYmfCGA
JustInformed Talk	Alt-lite	UCm5CkXzGXb-A2XX0nuTctMQ
6oodfella	Alt-lite	UCBVYmXSIzHq_gXMZpsfd9kg
Tommy Robinson	Alt-lite	UC6wdP5hTf_phre6Q3kFiV2g
On The Offensive	Alt-lite	UCcrgJyI1bSysVE92HPpNNiw
Carpe Donktum	Alt-lite	UCgkZARt0VNW7WKS5DOg8sDA
Harrison Hill Smith	Alt-lite	UCq44SkRjuB4EOO-1pfOJzzA
Revenge Of The Cis	Alt-lite	UC7Ql1bhBYk8LVMpZfkRZJGQ
ProductiehuisEU	Alt-lite	UCZO5CoTyLqv72wGluKwBzrA
Luke Ford	Alt-lite	UCEYmda1KQTjrhLBeWutKuGA
Lauren Southern	Alt-lite	UCla6APLHX6W3FeNLc8PYuvg
Rebel Media	Alt-lite	UCGy6uV7yqGWDeUWTZzT3ZEg
Rebel Canada	Alt-lite	UCOwtpxZT8kXYfoj0W4XBrjw
Rebel Edge	Alt-lite	UCOZN0I173I_3aIDrPw0Irmw
Lauren Chen	Alt-lite	UCLUrVTVTA3PnUFpYvpfMcpg
No Bullshit	Alt-lite	UCZNk7Jjb2t8EuBdgn4Zj1cw
No Bullshit 2	Alt-lite	UCGQHgCgSdUtcWufqzBHDzhA
Laura Loomer	Alt-lite	UCsWnDtLWKEMJHKYCc9647yQ
Computing Forever	Alt-lite	UCT9D87j5W7PtE7NHOR5DUOQ
Andy Warski	Alt-lite	UC2h3yPmh9TfQv2z3aTDTHHA
America First with Nicholas J Fuentes	Alt-lite	UCsJ86N5n7fcEC_Ds8dYJKzA
Nick Fuentes Clips	Alt-lite	UCrVft1rhiJqIt7USDCwQ9Mg
Paul Joseph Watson	Alt-lite	UCittVh8imKanO_5KohzDbpg
Vee	Alt-lite	UC8RJExf7iNpV6tp6hvNtwww
Blonde in the Belly of the Beast	Alt-lite	UCpbyOgUSjTSPpvVUAT2OyHw
MILO	Alt-lite	UC0aVoboXBUx2-tVIWHc3W2Q
Mike Cernovich	Alt-lite	UC87YBeLMwXhgaw5tcCxsXgQ
Gavin McInnes	Alt-lite	UCPGxwlhPEJE89bT4gB6rzhg
Brittany Pettibone	Alt-lite	UCesrUK_dMDBZAf7cnjQPdgQ
Brave New World	Alt-lite	UC659f8KdxrINaB3Ta7TEZzg
Oppressed Media	Alt-lite	UC6EyGxVgmTGt27_U9c_oz9g
The Iconoclast	Alt-lite	UClJ8Z0YvEm-ClFj3fdQgQkw
grapjas60	Alt-lite	UCGwD6FIVFso2IJQmFGgDNKA
thkelly67	Alt-lite	UCIKAZwaFnH_QX1ddYDQf-lg
Reverend Simon Sideways	Alt-lite	UCazjg_kYZHVqscSSB9lmhOA
Semiogogue	Alt-lite	UCck4tqn4wHb3jDhUn9dDVMg
Zach Hing	Alt-lite	UCKzrGgxorDwLcVKeaB7euvw
Christopher Anderson	Alt-lite	UClQkOIf9OfMCQ4CjlSSPvbQ
Tea Clips	Alt-lite	UCZMoAfVZKRS2HKA_gTPQY0g
The Fallen State	Alt-lite	UCLrVxw4H4ZJ3LovpdbzF7bw
Alt Hype Streams	Alt-lite	UCkbPk0OHdeOnjciSgdzxuzQ
Kelly Day	Alt-lite	UCmeZAal3f9_0h3LmYiqNCag
ataxin	Alt-lite	UClEDJq5JqDRGo8u8_lYO4gw
RobinHoodUKIP	Alt-lite	UCn1wSZL86FfGqZ3aDHiERgw
Make Cringe Great Again	Alt-lite	UC2nUwy3lWySoH2tWUiSeOgA
theturningpointusa	Alt-lite	UCVrK_pMRp_q8IelpfUCTGLQ
SJWCentral	Alt-lite	UC-jlxuVAVEl2PXTaGno7gSA
Aydin Paladin	Alt-lite	UCUowFWIWGw6Pv2JqfEj8njQ
DoctorRandomercam	Alt-lite	UC72vWiZdUN_Y2OC2RgJ-dvA
hOrnsticles3	Alt-lite	UCoNGo02Aai6VQotn-MNnbpw
AustralianNeoCon1	Alt-lite	UCzRWedsDooc3jEp1TuLjB4g
Sanity 4 Sweden	Alt-lite	UCFSx08Ew0iiWKyAz54Opdhw
NateTalksToYou	Alt-lite	UCvBSa6Tzhiz7MrVI_DkwvWA
Slightly Offens*ve	Alt-lite	UCMRxoFJPZiBcxgFzxN0ao-w
Jericho Green	Alt-lite	UCYY-xsfMg0TKz-gwQOMhcWA
brianoflondon	Alt-lite	UCu76O9Ye9k633b2VaLg9cPA
Demirep	Alt-lite	UCz-y9OLmILUM1HGCE4Ffbkw
MR. OBVIOUS	Alt-lite	UCyznn3etx_6fSK7576JSrKg
Leo Stratton	Alt-lite	UCdlMSPp9XSTcbJw422zxWCA
Domination Station	Alt-lite	UCqxzXCQqNQ9wSwHPtZKHrlQ
SJW CRINGE MACHINE	Alt-lite	UC92qENDvlCKpNCkUwJnFdkA
SkidRowRadio	Alt-lite	UCrPxYLadOjSyh3iQkvw_SJw
IRmep Stream	Alt-lite	UCO7RCW2ep2QtzYGMz6g7Uqw
Toad McKinley	Alt-lite	UCDPujMbho9Nq-iB7aTJsMUQ
Mister Metokur	Alt-lite	UCfYbb7nga6-icsFWWgS-kWw
The Glass Blind Spot	Alt-lite	UC7kHX39cBk5goUrh3H5qAKg
A1Cvenom	Alt-lite	UCPdJkk0VcWWiIQ1I6UFmV_w
Styxhexenhammer666	Alt-lite	UC0rZoXAD5lxgBHMsjrGwWWQ
AllNationsParty	Alt-lite	UC2AopvAmRGD2rGjG6PK97Hg
libertydollshouse	Alt-lite	UCaEgjV59fLXgnN5BJdLsD3Q
The Weekly Sweat	Alt-lite	UC9azT7MBd3jU4DoTt0AW3gw
TheBechtloff	Alt-lite	UClQPwGSqpatKM-NZJ_DGfhw
jaydyer	Alt-lite	UCnt7Iy8GlmdPwy_Tzyx93bA
MichelleRempel	Alt-lite	UCySf1uJJxjMDryRywEzUR2w
The Amazing Lucas	Alt-lite	UCIgbxKzg2BpGN_AQ6uarXDw
Bearing	Alt-lite	UCwW_vaMPlq8J4weKDsfeJzw
Liberty Hangout	Alt-lite	UCQMb7c66tJ7Si8IrWHOgAPg
OneTruth4Life	Alt-lite	UC7KZFVVnKjiCzkxWD-Qrakg
Beacom Of Light	Alt-lite	UCcdH7Be-X8famDsPVwIKEYA
Undoomed	Alt-lite	UCTrecbx23AAYdmFHDkci0aQ
John Ward	Alt-lite	UCkeGEMunZIoGUyP7z0pMYmQ
Dangerfield	Alt-lite	UCSkC7KNQHSSeOfRGtKgDm4A
Dr. Steve Turley	Alt-lite	UCCsiAKRKcgzA_372WbXNBaw
BlazeTV	Alt-lite	UCKgJEs_v0JB-6jWb8lIy9Xw
Bull Brand	Alt-lite	UCij5BjgH6WjDqOzB6UZZpjA
Tipping Point With Liz Wheeler on OAN	Alt-lite	UCMfKNuYXBc9bxb0fg2cGTBg
Jacob Wohl	Alt-lite	UCBw4kFsnixcIm3mef2cvfjg
Dinesh D'Souza	Alt-lite	UC8GAOCAJxBL4bExaUCvwL4Q
UNITE AMERICA FIRST	Alt-lite	UCNohUmuAnQa29YmaxzbaksA
Daily Caller	Alt-lite	UCP4BdwPKyYnfRLjSNfGAPRA
Social Justice Fails	Alt-lite	UCSTy-H5lSiCcozas32sfJlQ
SargonofAkkad100	Alt-lite	UCMLbmp5tcLxzahMLTmeM4lg
The Thinkery	Alt-lite	UCyZVnp-_owuoPlzNJNtaxZQ
StevenCrowder	Alt-lite	UCmtALVZjXFzb4v3fIXDmDyw
Sargon of Akkad Live	Alt-lite	UClMWnUHbxJKJLUgloN1mPUA
Count Dankula	Alt-lite	UC4f8Z2XefBDL421pnNEQH0Q
theovonk	Alt-lite	UCFc0stDRUkeBDc36qZeox1g
AltRight.com	Alt-right	UCFUC7NaTxZanB_FVOJN92eg
AmRenVideos	Alt-right	UC_NPMpK-gZVIKqvDRljgbBA
AmRen Podcasts	Alt-right	UC2JVrseRgh0ccDQ7c8qnXTQ
The Reality Calls Show	Alt-right	UCXfJ65sVQ5F3nJsm86yM6jA
Faith J Goldy	Alt-right	UC94FYUJYBqq4CHPhfJUCxDw
Traditionalist Worker Party	Alt-right	UCAgBUlIpzlJaE0693J3s97w
Matt Forney	Alt-right	UCp-c7UZowNgx_sGtGCI8M1g
Red Ice TV	Alt-right	UCZeP6H2mELnRI9imY5Iga0g
NPI / Radix	Alt-right	UCOtFVJUoek4TKZAaeQVhiLA
Johnny Monoxide	Alt-right	UCIZBXVGIJoJMXf8giib0IiQ
Baked Alaska 2	Alt-right	UCowcNKm1w2GGw5U_XQeduhg
CounterCurrentsTV	Alt-right	UCN0-RRaxMgh86eOwndAklxw
iambakedalaska	Alt-right	UCLfhh63n0fWn0gXXKQ5NWvw
Staying Woke	Alt-right	UCutpp9X6rKErxUkv4wKBRPA
Ayla Stewart Wife With A Purpose	Alt-right	UCNP2yhz10CUEKhzHCUu2r4Q
Bre Faucheux	Alt-right	UCGJNdaSwFeP3pLd1MhN0dRg
James Allsup	Alt-right	UCmrLCXSDScliR7q8AxxjvXg
Jean-François Gariépy	Alt-right	UCZmn5TswQ0m13ihKsbJ8Wzw
The Golden One	Alt-right	UC68k9B1W2GTDZv9e10ySrxA
MillennialWoes	Alt-right	UCBceihEYR7elOoeWTuDhAzA
Voxiversity	Alt-right	UCVyzFlPnWjqrgVljH8QUiCQ
MW Live	Alt-right	UCoWQunH1zvFa6u3IoMXQjRw
Darkstream	Alt-right	UCnxxPKzboofuvEjFGofkm9A
Black Pigeon Speaks	Alt-right	UC7-24nwy8Zg_Yweu6ujnZjA
augustussolinvictus	Alt-right	UCP-rwC3mqNH1cVYYVZHziKw
Jason Kessler	Alt-right	UCK68w5LvF6DIOqZAU0uUqSQ
This is Europa	Alt-right	UCmzjD8K7LfpkYs-hs3fZP1w
Awakened Saxon	Alt-right	UCGUg8tKiuqCM3ZCAy3XdmKA
Truth Against The World	Alt-right	UC66IBH4uFkBTzEh2olFFJSg
The Last Stand	Alt-right	UCyOOQJzQSNMjFJqb3gQENtg
OnlineWipe	Alt-right	UCur6nu-T7FilkEztCm_S8yA
VertigoPolitix	Alt-right	UCao3EH2t9wOFPmu2F4i4bag
Jan Kerkoff	Alt-right	UCRAxuaq1xwUGuQ_KaOYbUXg
The Leftovers	Alt-right	UCnXCniozJS4YQAM9n0ocKzQ
jackburton2009	Alt-right	UCZtDKD0pFpPclXA7ZAti90w
Matthew North	Alt-right	UCJpdwEg7vrj_61e0Bfnx02w
nightmarefuel	Alt-right	UCVO8YsD87ibqRGIJ7o8sOzg
The James Delingpole Channel	Alt-right	UCcAhXQl-YWTU9wzfm5R5t7g
Borzoi Boskovic	Alt-right	UCWoPKumdlQTSw1M4UPsYXzQ
The Lion	Alt-right	UCIfnKm98q78j2ZNcfSQhhCQ
Dissident View	Alt-right	UCRr7mGBwURyRGM2BRPV3hNQ
NeatoBurrito Productions	Alt-right	UCQHb0fs5LiCGf8E8o_duxNQ
Morrakiu	Alt-right	UCRWRClsBI3p9gnYO8UBst2g
Prince of Zimbabwe	Alt-right	UC9E2GVCdoEQGd1MN-JRkjNw
Little Revolution	Alt-right	UC3FqYK9UCKtmcTwSYo7mwpw
Danny 1488	Alt-right	UC0b-vEnPRxtkMJj7xxDnJIA
Oswald Spengler	Alt-right	UCr6gdokI-jE_T1b5AmOOdxg
The Revolutionary Conservative	Alt-right	UCqDUhDiWJdk3inMxtEPOUWw
14 Sacred Words	Alt-right	UCLM6JlQkQ9tltBL9Bipci9g
Laura Towler	Alt-right	UC7FwgvmNdQC_3KJhew7cfNQ
TRS Radio	Alt-right	UCdEfsAy6rUDPnm9HwKA_asg
LibertarianRealist2	Alt-right	UCKmcfC22VcMbUMJAAWq9zdw
Serp Kerp	Alt-right	UCPaDUD522GNh4WqMqTnzO2A
LaughingMan0X	Alt-right	UC1B82kNwoGlRwcFt3xWa6Rg
Steve Trueblue	Alt-right	UC3eWseER6XOMR6RcwcIJ23A
Marie Cachet	Alt-right	UChBsOxskMpDmBAsgJ91fKcg
NewEuropeANP	Alt-right	UCUXTC5yhqkNTKDvK5-lAUJw
The Rational Rise	Alt-right	UCg3sDb6KYo-IuU94Ym08H3g
Traditionalist Youth Network	Alt-right	UC2w1CQqPli4w94-PCg2UvJQ
eliharman	Alt-right	UCvX0YZy3iET81JImRRKnAfQ
Stand Up Europe	Alt-right	UCFWmmu2MmGW8Obc5pNDDJmw
TheArmenianNation	Alt-right	UCdf14z6V0MWNeVcbAz0r8wQ
ThuleanPerspective	Alt-right	UC7zgrGKsGDeeu9xrz2qNTXg
American Pride	Alt-right	UCc7nGMWfSL48llqTeyQNQ_Q
Engländer	Alt-right	UCSTp3xBWG5SbMiDwjJQQ0Lg
The Alternative Hypothesis	Alt-right	UCoHbKigbQVbt6mygvfKwgmA
Corpus Mentis	Alt-right	UCxBZXHQ2aTr8Bdw8s5ZY4xQ
Alt-Right Tankie	Alt-right	UCHC60upCUfq7EAfw6oDQRDA
Mark Collett	Alt-right	UChKlct63f5tEY-twY8TKAcg
Charles Zeiger	Alt-right	UCkXYznmArMELRxH_36uM1lQ
Revcon Media	Alt-right	UCI3rQP3WFT_GwNRtnjHHqzw
andy nowicki	Alt-right	UCP9oVEmpxbxmHd1_s3w6wTw
Real McGoy	Alt-right	UCQB3Xg02E0MOlyfitgw2qhg
American Pride 2	Alt-right	UC2LSaEGBHvAvNf9ufcJfk2w
AustralianRealist	Alt-right	UCtBv3C8qTj7kaRGVu8UQfLQ
Alt Right	Alt-right	UCQZdMTHwIw_fZRk0wI8oqkQ
WhiteRabbitRadioTV	Alt-right	UCRRiIGO2htEoKTB73q9Mjsw
InvincibleNumanist	Alt-right	UC0h-sR-xyYLX7sSO46ovo2A
BigCatKayla Livestreams	Alt-right	UCuVUvrf4H3XnwNa2yvFXxYA
Patrick Slattery	Alt-right	UCkY8CvV8WQFe87CZGmvuYHA
The Great Dolemite	Alt-right	UCsdPzJBJYQlsKigw_3XTqJw
Nacionalista Blanco del SoCal	Alt-right	UCOYhgosLesFDd_hUpWGf1iA
Dismantle The Matrix	Alt-right	UCpFKlATawMhKF5xehVOZLLA
Be Open MInded	Alt-right	UCTqKAe_hNq-kFp1ss6Lga6g
ArktosOnline	Alt-right	UCxcVvBUylGdjCS4jz5PVSag
Nationalist Media Network	Alt-right	UCoExCKBtf2ZsF-nrZqcXQyQ
No White Guilt	Alt-right	UCVk0E-MUK5ukPbDfP2QcFYg
Augustus Invictus for United States Senate	Alt-right	UCCo7CvP9sYIWK0B2ihuW2dw
Just James	Incel	UCd14vyyg49J_ISVHSWEMjsQ
Blue Skies Media	Incel	UCdKUh2i6PBILzqD3rPiS8nw
Monday FA Monday	Incel	UCn1fwrq_QO0WkzBjdIM-8uQ
You wouldn't like me when I get gutta	Incel	UCpDAdprUWs21wyWwbv_Z4pw
KingOfTFL	Incel	UC5m-1lIBZeSSSDDSbl9sNFw
Link	Incel	UCcYXfb3ftov8m-dwcDpO00g
Oreoman	Incel	UCV3oX6B8Uq8VMh_L5zStVfg
BlackpillMafia	Incel	UCnL31BzrmNz8MHwrCLhnjIw
Vav	Incel	UCdNyLKP5CW9dPQka8SwXHUA
First Last	Incel	UCDp4wd-htp51Ir5aByUN15w
AsHBoY	Incel	UCUcpr6naAk-kCA1L8OOM5Nw
Coach Black Pill	Incel	UCDBRuSWtxU8cQeZ-iVd_gvw
Top Dollar Black Pill Gangster	Incel	UCocq2LGS2ApHcu3O0PJa2eA
Incel TV	Incel	UCOaH9Cetw1_eAyUxpl6aqwQ
Incel Uprising	Incel	UCXHKuD1uuh-jsoh6CmF6rww
NullCyber	Incel	UCGlLEGoGE1ZUAMQcUFNa8QQ
TheUnreal1	Incel	UCVaWf4IhCjjMHGVeTvXcS1g
Off Grid Prosperity	Incel	UCHU64hE5gBhdJk4iqGejHIw
Kenneth The Golden Child	Incel	UCG5aDTHFulVQViF9E-FTzNw
RICEPILL	Incel	UC7JWVo-MDRhNBiU7Dp8j6kg
DontPanicTheRapper	Incel	UC1uqC_EGj8qge9msaf699YQ
Blackpill Bishop	Incel	UCoi355TFIZ3nc2ODfE8WGoA
Looks Theory	Incel	UCa3DmNrFcBTQbtNPkF0iprA
SteveDougson	Incel	UCZjz2s4DyU6TrGzXJQ_VBRw
The Incel Experience	Incel	UCTWyeeDyUn1GCEzb6XZG7MQ
Mainlander	Incel	UC41VQF08gjJGz5tYyp5ezfw
GynoPrince	Incel	UCh-yZehWlvPds-NewsXpzwg
Samuel Maxwell	Incel	UCZ5VQ34f6yxjlkLaq8lbgvA
Jack Peterson	Incel	UC3VGE_oMmD3qzI9yEco0I1w
Facehacking: The Science of Attraction	Incel	UCpsuUgmFvHpDXs96pgdrq6g
BrendioEEE	Incel	UCpk7Ru_tqTSEiKJzlmFxLgw
Kyle H.	Incel	UCGERZ-3ZyAJqevZtw9PCatQ
FACEandLMS	Incel	UCQgiVTdHRr7NI4xIdJui5Wg
Never Give Up	Incel	UCYQ2gQbvIwIM90N13dnkvwg
Virgin Messiah	Incel	UCO01qpeL29tfw4RTwTZv-sw
Downhill D Mille	Incel	UCPvPtUY5MOoaQqg3i7xeEIw
Hell by the Dashboard Light	Incel	UCnxGkOGNMqQEUMvroOWps6Q
HeedAndSucceed	Incel	UCiTnIVJLN3wBHM9EQx4kW8g
Rejected-From-Eve .Zero	Incel	UClGh7QkXnUikoRUo6RSVlMA
TFL at was	Incel	UCyQsQSKayfcZoHaCjqxxSlg
William Lupinacci	Incel	UCFQ6Gptuq-sLflbJ4YY3Umw
BigBOSSCalvin83	Incel	UCRa_kxWOnJsSSb7S0ijguBw
Free Thinker Silver	MGTOW	UCm5J1Fu_dHgBcMTpXu-NXUw
Howard Dare	MGTOW	UCwtGHPbMWBRvfGCyDQ-bNfQ
Liberation Y	MGTOW	UCs-brcHDxKqrOGU9cEWuCMQ
Manosphere Environment	MGTOW	UCrBFmNZB-Pwk1n0Bk_Ivwbw
King Richez On Fire	MGTOW	UCFlDbTySKx1uRx4R50w-9eA
Alexander Juan Antonio Cortes	MGTOW	UC-Wz_tOR0ChooAoesAUv4Lw
Wise2daGame	MGTOW	UCn0ZK0ayG3eJhQC_j90wBmw
MGTOW Truth	MGTOW	UCU80Ocd--K1vzTGYxMjEiOw
John Nada	MGTOW	UCIC8GH44FjpllvFu5DzO5xw
Undead Chronic	MGTOW	UCrBS0YjL5OO8iBnV6f6M-bw
MGTOW MANINAZI	MGTOW	UCFe3hqzU5BhiKdXlqjc1KtA
Marcel Enlightened	MGTOW	UCmr4cFcLqeRUk6Km3vaGotA
The Mad MGTOW	MGTOW	UCrv0NCiVhht6HfViwlaVJBA
Johnny MGTOW	MGTOW	UCzH0b69GmcdQg-ArmrgeNsQ
M TMM	MGTOW	UC_OGIvbOor3bUybYaUTIo3w
fat guy Mgtow	MGTOW	UCHJRJ0f4qV5eQzH3LerhyJA
Cyber Monk	MGTOW	UCnN9VhiGlmjCz0JaZi3GnkQ
JDAWG MGTOW	MGTOW	UCRiQPLkTbRXwVuoeRNjJohg
Yogi Oabs	MGTOW	UCWvzoD9t7tIKV3WjOzk-Yfw
Alexander Grace	MGTOW	UCyc9mFN1Gf24xfO0cl8gJug
Calrisianthagod	MGTOW	UCeY3vg1r0KrvuyPOi7T39eA
HardHittingHealthTruth J	MGTOW	UCR0srRLH-bri5HPnoaZJclw
The Thinking Man's Templar	MGTOW	UCRboG-2RFSZbOs4LQo6bKOw
Mr Forma	MGTOW	UCb7fZ328aBqOClRuAOOKjqw
Kingee Mgtow	MGTOW	UC4u39IvAzPFPz3K7Nxg2o4g
Zangatti	MGTOW	UCpbACnMmFIaKjCbwrZROXvg
Yorkshire MGTOW	MGTOW	UCWrbXJxmAol4DZdfiz2-vIw
Stephon Clinkscales	MGTOW	UCFsAy88-PQxn8NiahfBCwgg
College MGTOW	MGTOW	UC3n-Hywbms82-FPejNPpnEA
Sidney MGTOW	MGTOW	UChJNXTQCr7YIziV8d1H6tXw
Southern Male	MGTOW	UCSKhcq_fYLgYMWzVw52GjBg
EMAN67	MGTOW	UCVOPAzWt7c7bG1r2WkmV3Jg
LFA	MGTOW	UCnOofSLpyiDQcThNKf2JJGw
Jaye de Black	MGTOW	UCkS25_BA441NQMkbJG_k9Kg
lastsecshot	MGTOW	UCXmSzYyPQ6CuCzwitLclnjg
MonsterManTV	MGTOW	UCM96pu5VCp13f7P8Ar7qUjg
RPOS	MGTOW	UCF1F7bQ_7-C8_JMDiIKE6LQ
EntrepreneursInCars	MGTOW	UCHwIeue1WcJzfS2dvCVuiWA
Mountain MGTOW	MGTOW	UCuKqtwPO5ci5_KoZGbfl33g
Hammer Hand	MGTOW	UCoZ_kgm4fIOm3n3EgDbEncw
The Ukrainian Lens	MGTOW	UCtCAKno3zALipFdpdY1ZLjA
TheMABExperience	MGTOW	UC0qSkLTzo-40rA-WvzjTHDg
CoachGregAdams	MGTOW	UCyLHoOMy2mcIq7v5BFnNQww
RF SQUARE	MGTOW	UClLNqr9kTEehlf7jSiSLJVg
Sunrise Hoodie	MGTOW	UCauYZm2lm1MufqCN9zIrXyA
Happy Humble Hermit	MGTOW	UCjVhxbG6CPGw3YP-BpaOIqA
The Solitary Wolf	MGTOW	UCd4xRbTbKS3CI8I17YjTBNQ
MEN101	MGTOW	UCueXoXyOKbhDfnub_28eC7A
Captain Sinbad	MGTOW	UCMPAwSx-57jgqImqEYxZiXg
The Enlightened Kiwi	MGTOW	UC8XKyvQ5Ne_bvYbgv8LaIeg
Jaded Creep	MGTOW	UCDRhy5G0TGF0nHdMjSH2E6w
Jerry Liu	MGTOW	UCjl9iBBVhu4xziXwjgLwqYQ
L O M	MGTOW	UCCIqP2EUeK46bcFuyf8E6dw
Alpha Male Guide	MGTOW	UCvGzonGrDIzUQnwJBLe22YQ
Red Pill Mindframe	MGTOW	UCton5c-eyajfNR_pRcKk86g
MGTOWN	MGTOW	UCH4-z1jU6v1QCZE0hqGcS7Q
MGTOW MONEY	MGTOW	UCSGTCm_L2ssNJmScEhJU3og
James Von Maxwell	MGTOW	UC4l_02h-34rlgyUhBaUgcfQ
Coach Red Pill	MGTOW	UCezB8ZxKLSmmL2gx8zb4iEw
MrElite O_O	MGTOW	UC5tEELgWBfKbA9fVPRzBzPQ
MGT OW	MGTOW	UCseRVXO0TkkxjF5Oum6X33A
RazorBladeKandy2	MGTOW	UCKoYrCh8bOYuqAnkXx9Uakw
Ronin Man	MGTOW	UCrSJF7GT6MOm6PxYmv0H3_g
Sandman	MGTOW	UCj5j4pIgg8gtcRA4iYTWiAg
Turd Flinging Monkey	MGTOW	UCeCV-XNeZIoHiCGfNYCLh9Q
Bold and Determined	MGTOW	UCbgzmK-mfpjULHZ8SMCuhdg
Redonkulas	MGTOW	UCvM0vwv9wWh13d21f4HdJrw
TheALPHACHECK100	MGTOW	UCwd_sSDZ8EQt6SEeOO2tBRA
Eggy Noggy	MGTOW	UC7gAnULJ4WuqXTsIBwAnIBw
bar bar	MGTOW	UCZ9GGHg7ERYgH_pIduMjgdA
RPW	MGTOW	UCDoNFQZqQpd6aL32Ua4JPTQ
huMAN	MGTOW	UCdGVD4QzNyUrfyX5oiZVtfQ
Thinking-Ape	MGTOW	UCT2dUsMtd08RfaH12O9DCDg
Misandry Today	MGTOW	UCo1qRcO1OehgkOD_fHsu_uQ
Jolly Misanthrope	MGTOW	UCbJx13WCQq8mpbaIwz6Oanw
The Stoic MGTOW	MGTOW	UCV8_fJZJe4GXqPq3bS0f6mw
Paul Proteus	MGTOW	UCIEO_w-8_voXDymte5KYw_A
John The Other	MGTOW	UCk2AXFIEy8Fq-ExkJxhLh_A
Groundwork For The Metaphysics of MGTOW	MGTOW	UC255AfKquZnQMO0amxdEGWw
Mayor of MGTOW	MGTOW	UCZrMKcDNPruX8ltP0Y0pOTw
Hannah Wallen	MRA	UCdMPdytnpICXabqQE7LG-sQ
girlwriteswhat	MRA	UC_7Bt0vnvdJqAwF8Ow8iT0g
Feminism Sucks	MRA	UCcmnLu5cGUGeLy744WS-fsg
50 Shades	MRA	UC7sjYgQOIDFRMCzt666_dwA
Barbarsossa Rants	MRA	UCa3meRxRwQrXg__x--Goxrg
Mark Postgate	MRA	UCGE8W5_PN-bZ71nrVp9Z3FA
Felfop Returns	MRA	UCIl-NGN7bGS4UuMc1vJTyoQ
bane666au	MRA	UCXWynYLv9kfV_r7FpNTaJaA
JerryTheother	MRA	UClfqxOGWFlOMQWpIhbhzL2w
astrokidnj	MRA	UCuUbALqd-qaVTdAYbVyG2Aw
Katy Khaos	MRA	UCkFWCK3PrJXjo4Uv5_8l1cA
Diapers Off	MRA	UCzzkMOf2bEImOmu8pcXIFHA
Diana Davison	MRA	UCSJt8MQ0bqoAbbFIyu8qOXA
RB_95	MRA	UCVRQqUgDRBevsDGOeE1DL3A
Badger Live Streams	MRA	UC_QOZpg4t2hf0BCnWhWM27w
Canadian Association for Equality	MRA	UCcOtHMt1S9Nl4Pycp-FWd8Q
HoneyBadgerRadio	MRA	UCvlBoX4hBrM2yUglBQcYVHg
Whitney Dahlin	MRA	UC595wqznMGuY2mi6DKx-qnQ
Mike Buchanan	MRA	UCFmGu_0gJFKQWrbBp5N3oqw
Messages for Men	MRA	UCKhX1c3ow6BrzdzP3ydpeZQ
Cassiejaye	MRA	UC0msVj8OXmsvWMz8WofDqWg
drwarrenfarrell	MRA	UCW0XocdjHAzMJmTQIboO8qw
1menaregood1	MRA	UCcdQla_9PbQb4-FKFxJN2ag
An Ear for Men	MRA	UCAlVRoYjDbgLx7j6O2N8-2g
deanesmay	MRA	UCXNNG0ej_6rU9SxCZ4dyq6w
Red Pill Awareness	MRA	UCKkxuj6Opa-JV3_s6r2CPEQ
Attila Vinczer	MRA	UCBsCsmpR2GN2O8q2J5noFMA
StudioBrule	MRA	UC89MuToZunfClmUYoS6-Sow
FatherlessAmerica	MRA	UC7PfGhJXlJiDs4jvGGGgqsQ
CoalitionForMen	MRA	UCAgb6xVzZ_Xo6EuE3ne86Nw
carnellspeaks	MRA	UCHaKL3tBNNUBp39ZIxox0bA
Rollo Tomassi	MRA	UCbVCEJ93942EpPqN2AzEyBg
KristalDGarcia	MRA	UC8eLDzfH6YfZRDbDuMsNWiA
TheJoshSpeaks1	PUA	UCwX9Rh2T0LiDPqJNvLGpGlg
ABCs of Attraction	PUA	UCEjjHEa3xG6W91ZL7_jSYCw
SquattinCassanova	PUA	UCNfKp9eXtcCM1-Nz0mTCGTw
KamaTV	PUA	UC2onM4kU0ChVbwlYMemRJEg
Appolonia Ponti	PUA	UCYqdbnuvx-jJZByotoNW-5Q
Ryan Black	PUA	UC1GvdBQyTeP8eCbcqdRWiZA
naturally bubbly	PUA	UCNttYr07FLI6jzz_VUMeF6w
MantelligenceDating	PUA	UCfMX1py0agQyBcOKjt2VSzA
Todd V Dating	PUA	UCo9XJennsRNhyPbXCq6e8aw
Dan Bacon	PUA	UCpjFHKuH-BQELT8lj85vmRw
The Dating Wizard	PUA	UCCLBZkbVMsDy3T-ErLOkVdw
Kate Spring	PUA	UCNpBDi0eHdQ7-vBr_tZ2ksw
Marni Your Personal Wing Girl	PUA	UCCgrWW6fsUVdRD7xI52xhnQ
Elliot Hulse	PUA	UCLrI-dOLyDbRnPyUeWadsOg
Tripp Advice	PUA	UCjTMOi3cpslA7JUmPdfD6MQ
Based Zeus	PUA	UC1PkRYud11ogYDqgdqd23Zw
Street Attraction	PUA	UCc33T6QinM7wdXBx8eKpikA
Honest Signalz	PUA	UC6BLvNM83VFg0Vgh_aCfOGw
TaySocial	PUA	UClKa8mrHgQfeeh5EIDqRfAQ
4 Week Natural	PUA	UCPcIrG2d96HDzRqCE93K2Eg
Texas Dom	PUA	UC0pud8uplkWWp8SYXjS828g
The Red Man Group	PUA	UCY0fILilUr601SPy-wc0XUQ
Ollie Pearce	PUA	UCwWkbMqbsawHFyfeGEHb8mA
Bradicus	PUA	UCNt2iZyQIgkaW0Bcwhw8PLQ
Motivation Specialist	PUA	UCzpGSici-H8VtnhCPp_b3Yg
David Bond	PUA	UCyKApv3PvaslEzHR9rwK4_w
AlphaMaleSociety	PUA	UCSuIAAH09DiO10JXWdsCQEw
Tanner Guzy	PUA	UCHfnqyD8fb_rzkRmZSo0Wng
Connor Murphy	PUA	UCwNPPl_oX8oUtKVMLxL13jg
Andrew Foraday	PUA	UCsspQFcCZ14d5DPMfVbPuuw
LightsCameraNegeen	PUA	UCQFmSsxwJwOALJZp3GYf7Cg
JoshTryhane	PUA	UCPsp098EE90Gyqgvo0Eazeg
FashionGameTV	PUA	UCwwP0UPUoTPHg2nWe4qERbA
Love Advice TV	PUA	UClOZ-fMMvom8p2GWZ_ihpfw
BradBrowningExFactor	PUA	UChCFbthWQF4MKA-43SCDB9g
The Charisma Matrix	PUA	UCs14Smim-bliHN4GBEom-Vg
Daniel Blake	PUA	UC2qovl2JjYyMI_cqznjSGWg
AWxInc	PUA	UCaaApS4TMI3KueyAkIQv1XQ
Wade Alters	PUA	UCxObD2ivFPpq9Akna40s7Fw
SimpleSexyStupid	PUA	UCJgVPwzPxklQr6WHwJLPlew
AlphaMaleSecrets	PUA	UCPa30Vkk1iM3rahMbjfltjw
Jack Manley TV	PUA	UCWYzs-Mi7SM_n1EgvzIOn3w
MontrealRSDCrew	PUA	UCts47p-nMPfpG4zZPB3ZfKA
RSD Luke	PUA	UC2XMvfBq5w2P4_ZYOsMlxVg
Sam Overton	PUA	UCB6Axmo3AK495fsvuDcLkjg
Social Prime	PUA	UC-gs1e4-V16TM5mgo5d_xuw
Anthony Hustle	PUA	UCGcZSPnN83GbcqzIJauoogA
Rian Stone	PUA	UC4ayoBG3GC0TtiOVX9y2_IQ
Matt Eastwood	PUA	UCE34NceQJKjipx5CRG8Qi1Q
How to Beast	PUA	UCtQEjfEFzba37ozoXK40r3w
AlphaMconsulting	PUA	UC1KbedtKa3d5dleFR6OjQMg
Viking Lifestyle	PUA	UCRn-wnGsb6DaXdi9U-afAsA
Sasha Second	PUA	UCKCWzpfMtsofk8bm80WzwmA
COCO Chanou	PUA	UCdGAMy3KL1lCaaH7_JMvUeg
LiamMcRaeRants	PUA	UCr4noD5_Hxn6X_qdaQHA6Kw
The Path of the Modern Man	PUA	UCm7cF_PSiLUhXPEVyuG25Gw
The Bowl	PUA	UCAPZwfAHn51sSZiFHorTxHA
Dave Perrotta	PUA	UCl7GLJo420GdYP7mYZh-yEg
Austen Summers	PUA	UCaQs5uEGmuNoj8GGVhnB3kA
LetsGetGirls	PUA	UC8X33POhYcIN-JwOaxEz2Lw
Evolution Daily	PUA	UCp_3ZnE5OjPbQCO_LbhObGA
Moe Abbassi	PUA	UCey8aYvvhqRbZCruPdD5caw
Brian Black	PUA	UC4py_gZiZJoyThV0Xwxhzug
Johnnyberba	PUA	UCSfAjvVM5cqn7DCng0OR-pQ
willy beck	PUA	UCQ69s6pIPwV5tioRAGrG0Tw
Coach Corey Wayne	PUA	UCQTAVxA4dNBCoPdHhX9nnoQ
Kezia Noble	PUA	UC_fiSXsgDVMLDmExLohAYIA
Richard LaRuina	PUA	UCsMzMM6gDS8ZiDIPmatGngg
Michael Valmont	PUA	UCD-cyDCJUs80NGUCYTCVPDA
Dating Architect	PUA	UC52xQhSiQh5zOTJoooIMOsg
MysteryPickUpArtist0	PUA	UC0G7RJSfUaWa2Zfw_0Jyoug
Beckster Lifestyle	PUA	UCb1pUSilDPgMaf5P3E8ZRvA
Daygame.com	PUA	UCqisd7riZrTjKdU0dqpoONw
The Sasha Daygame Podcast	PUA	UCgt1Qx_QBSzF9SLMLY2UnNA
SucceedAtDating	PUA	UCTvejcHP9cK5XqCIPZvdAbg
Social Daygame Infield	PUA	UC4QWILrhh8gQe99Kmdoba4Q
Badboy lifestyle	PUA	UCVQlNTd8M5vD-exIpikpvog
FarFromAverage	PUA	UC6Iaz96RkYE-MOjnq5NPgqw
Steve Jabba	PUA	UCdHHNkBbGj4tuMo6SjEl1dg
TheSingleLife	PUA	UCTJuAgxiigm_gg9YDyq9y8A
Michael The Situation	PUA	UC_T1In1fbHpXKEuW8a8-2pg
Nick Krauser	PUA	UCiChLqJjX4d_Q6X24ryyqXA
JanLifestyle	PUA	UCPLa73c0_QQMZipl1HybtHg
ASIAN ROMANCE	PUA	UCEHhJ6PAp-BEW2im0SAfK4w
Sol Dating And Lifestyle	PUA	UCagHu20Tuj3zElwZj-w2Fqw
Daygame Australia	PUA	UCfGxf1tdjIdtpFY2IjggDNw
Beastmode Magazine	PUA	UCmDv0nPpc_lum517VF1e8VA
MrBeneification	PUA	UC-Or4JV-ikWES6ZwCVN__PA
21 Studios	PUA	UCuErSr7xeR763BzTJL7yJ7A
Venusian Arts	PUA	UC258xnugPLjXRPO34QACiBw
The Natural Lifestyle	PUA	UCk9SqfJYu5HP5e2dfClpr0g
Satory	PUA	UCMBL8vkod4OKHgW_QqvfXwA
Sasha Daygame	PUA	UClae1uxKkw28rfX20Jm9Qyg
James Tusk	PUA	UCxJiYMtouGpvAdeZyZoHGZg
Alpha Male Strategies	PUA	UC0it1cu-mt_IcvLTQ4CWcHw
The33Secrets	PUA	UCjwD__1zcIfzVL6l2I5uBdg
tomtorerotv	PUA	UC-FIowkUpK-L9sfZRCef_iw
Lifestyle mastery	PUA	UCM4bEcJjqR7WlrRIfBIkBdQ
Johnny Cassel	PUA	UC0-Uk0ex4khy7c-nYy6Ex-Q
RSD Ozzie	PUA	UCJjOsobrGr72uABRLPDyaJQ
AskToddV	PUA	UCvmKbukYpA8SagnjSHt_NfQ
RSD Motivation	PUA	UCFhYciYV6oyqrOfoZoyoYCg
Nick Kho	PUA	UCu5vCs-tKoYzPBxnVF8FYGQ
RSD Max	PUA	UCmIq20BSpfq7Y5qS-dQudog
Julien Himself	PUA	UCaN4Pe5JEsWzAByY2WfxxjQ
RSD Jeffy	PUA	UC_1N_NAJv18XOndxdixfW6g
How to approach her	PUA	UCkwcu77254CvudmXRfcTaDg
Coach Kay	PUA	UC8_LUYv0d5OSl1V94LH-y3Q
The Fearless Man	PUA	UCjyn_K6PpnAUh1KKyYAHsBA
RSD Tyler	PUA	UCD4xqm6vJ3K4ntppsE1jL4g
RSD Julien	PUA	UCTyvDKLQnpIivQzX9qa5sWA
Victor M Paz Jr	PUA	UCOTpnM9yWpZkSp6ZX27QwjQ
Loveme.com	PUA	UCjCqhc2OU63ygl53UA-iyHQ
naughtynomadtv	PUA	UCqdICzheBUg6W7DyOYQamJA
Tariq Radio	PUA	UCjH72OaQxPoKgtv56C-4NOA
GoodLookingLoser69	PUA	UCFH8kR8gq7nn9GqSpgwu1kQ
rsdfreetour	PUA	UCTF6CEoSHHGTuJwk_zppupw
HayleyQuinnXx	PUA	UCyA6r3k8zMF2axgxVz-qTMA
DoubleYourDatingDD	PUA	UC7XM4gIpmyH1XNTDEVbSS9w
Elisha Long	PUA	UCvF7Ll_WOgQWOw0KZJsVNXQ
PickUpArtistPUA	PUA	UCi-ZsSk7G8z2G12KgTjKgZw
John Cooper - Art of Social	PUA	UCUVCYTauctWL_VgysXmgTaQ
Roosh V	PUA	UC16j6EppP0K85CzYMduNCqw
Mindful Attraction	PUA	UCBmkZCMwh-OqGB5eU2W3QXg
big think	center	UCvQECJukTDE2i6aCoMnS-Vg
today i found out	center	UC64UiPJwM_e9AqAd7RiD7JA
mental floss	center	UCpZ5qUqpW4hW4zdfuBxMSJA
the economist	center	UC0p5jTq6Xx_DosDFxVXnWaQ
relevant magazine	center	UC4WdIJ_D_lJb87uE3JV5SgQ
consumer reports	center	UCOClvgLYa7g75eIaTdwj_vg
world economic forum	center	UCw-kH-Od73XDAt7qtH9uBYA
c-span	center	UCb--64Gl51jIEVE-GLDAVTg
financial times	center	UCoUxsWakJucWg46KW5RsvPw
harvard business review	center	UCWo4IA01TXzBeGJJKWHOG9g
military.com	center	UC7F2QS7wk6Eq9Z4uabl5rmg
vocativ	center	UCe2PK9vNxfogdvkx4jqB8uQ
the indian express	center	UCJEDFSxHHOW1PpBccdSxOTA
makeuseof	center	UCfXdejDvNviqilmJ9DvGuow
recode	center	UCMDxbhGcsE7EnknxPEzC_Iw
investopedia	center	UCvwFhI0mrIWDiZUabRapS5Q
vox	left	UCLXo7UDZvByw2ixzpQCufnA
gq magazine	left	UCsEukrAd64fqA7FjwkmZ_Dw
vanity fair	left	UCIsbLox_y9dCIMLd8tdC6qg
mashable	left	UCL8Nxsa1LB9DrMTHtt3IKiw
cosmopolitan	left	UC4LADtN8xwppFydHUB1s5uA
huffington post (huffpost)	left	UCZfsrIV68Oegr5bJgAMLBDA
elite daily	left	UCqLj_VGACwmDa0FZ4UV3j-w
democracy now	left	UCzuqE7-t13O4NIDYJfakrhw
people magazine	left	UCGbQJy-531_5vfphay-rChQ
new yorker	left	UCsD-Qms-AkXDrsU962OicLw
upworthy	left	UCswDowOOvJ-fkCgH9YAITjQ
uproxx	left	UCueKD4jxzgHvCISK2pBt0cQ
slate	left	UCYC4ijpFZY_CtdElWFyy-Gg
merry jane	left	UCSecgeLcJ6qXmE-tgOMYM1Q
good magazine	left	UCeHHAF22PljrnnjskZeljmg
new york magazine	left	UCJNMUA0J-hgaTmiNEYZf2Jw
vice news	left-center	UCZaT_X_mc0BI-djXOlfhqWQ
wired magazine	left-center	UCftwRNsjfRo08xYE31tkiyw
the verge	left-center	UCddiUEpeqJcYeBxX1IVBKvQ
glamour magazine	left-center	UCY9eEaH19ulZmdusctU1ejA
scoopwhoop	left-center	UCx2HcmpB-UZGkMXOCJ4QIVA
business insider	left-center	UCcyq283he07B7_KUX07mmtA
sky news	left-center	UCoMdktPbSTixAyNGwb-UYkQ
cbc news	left-center	UCuFFtHWoLl5fauMMD5Ww2jA
the guardian	left-center	UCHpw8xwDNhU9gdohEcJu4aA
engadget	left-center	UC-6OW5aJYBFM33zXQlBKPNA
washington post	left-center	UCHd62-u_v4DvJ8TCFtpi4GA
hollywood reporter	left-center	UCZ8Sxmkweh65HetaZfR8YuA
techcrunch	left-center	UCCjyq_K1Xwfg8Lndy7lKMpA
rolling stone	left-center	UC-JblcinswY50lrUdSaRNEg
lifehacker	left-center	UCYGnmkFGP4EgAOqu58JA_lg
global news	left-center	UChLtXXpo4Ge1ReTEboVvTDg
feminist frequency	left-center	UC7Edgk9RxP7Fm7vjQ1d-cDA
global citizen	left-center	UCg3_C7BwcV0kBlJbBFHTPJQ
(the)atlantic	left-center	UCK0z0_5uL7mb9IjntOKi5XQ
la times	left-center	UCw3SYO_euO0TSPC_m_0Pzgw
san francisco globe	left-center	UCeFBQmxaVN-grC9sFmz5ucA
yahoo news	left-center	UCF7hznHog_lCTbwxjj1jrPg
scroll.in	left-center	UCl8zB2LZOiLLV0jYUMpTEgA
new york daily news	left-center	UCx-h2AWPCBJEqzH9HXe2ZIA
forbes	right-center	UCmh7afBz-uWwOSSNTqUBAhg
russia insider	right-center	UCAvBcst08Tfo4VNtIaRPTNw
ntd.tv (new tang dynasty)	right-center	UC8Ioh4atNDO5a0Vy2qFmauQ
learn liberty	right-center	UCFJNcE0iHj7P6dhp5iCZRLg
new york post	right-center	UCrvhNP_lWuPIP6QZzJmM-bw
gulf news	right-center	UCXTuTQZarVcFR_fgQXvsLpw
pj media	right	UCWq53_f3zgMcWuE-XFKSpyQ
national rifle association (nra)	right	UCZr49eSL2aHQ_41476IrkbA
project veritas	right	UCL9PlYkRD3Q-RZca6CCnPKw
american enterprise institute	right	UCt8lRYpzb-sSrKFb4DT2ECw
ron paul liberty report	right	UCkJ1N-7g9Q6n7KnriGit-Ig
judicial watch	right	UCGDaOZg2INC0Qg2Z203F1dA